{
	"variants": {
		"type=left,facing=east": { "model": "minecraft:block/chest/left/chest_east" },
		"type=left,facing=north": { "model": "minecraft:block/chest/left/chest_north" },
		"type=left,facing=south": { "model": "minecraft:block/chest/left/chest_south" },
		"type=left,facing=west": { "model": "minecraft:block/chest/left/chest_west" },
		"type=right,facing=east": { "model": "minecraft:block/chest/right/chest_east" },
		"type=right,facing=north": { "model": "minecraft:block/chest/right/chest_north" },
		"type=right,facing=south": { "model": "minecraft:block/chest/right/chest_south" },
		"type=right,facing=west": { "model": "minecraft:block/chest/right/chest_west" },
		"type=single,facing=east": { "model": "minecraft:block/chest/chest_east" },
		"type=single,facing=north": { "model": "minecraft:block/chest/chest_north" },
		"type=single,facing=south": { "model": "minecraft:block/chest/chest_south" },
		"type=single,facing=west": { "model": "minecraft:block/chest/chest_west" }
	}
}
