{
	"variants": {
		"facing=east,slot_0_occupied=false,slot_1_occupied=false,slot_2_occupied=false,slot_3_occupied=false,slot_4_occupied=false,slot_5_occupied=false": { "model": "minecraft:block/bookshelf/chiseled/default", "y": 90},
		"facing=east,slot_0_occupied=false,slot_1_occupied=false,slot_2_occupied=false,slot_3_occupied=false,slot_4_occupied=false,slot_5_occupied=true": { "model": "minecraft:block/bookshelf/chiseled/slot_0_occupied", "y": 90},
		"facing=east,slot_0_occupied=false,slot_1_occupied=false,slot_2_occupied=false,slot_3_occupied=false,slot_4_occupied=true,slot_5_occupied=false": { "model": "minecraft:block/bookshelf/chiseled/slot_0_occupied", "y": 90},
		"facing=east,slot_0_occupied=false,slot_1_occupied=false,slot_2_occupied=false,slot_3_occupied=false,slot_4_occupied=true,slot_5_occupied=true": { "model": "minecraft:block/bookshelf/chiseled/slot_1_occupied", "y": 90},
		"facing=east,slot_0_occupied=false,slot_1_occupied=false,slot_2_occupied=false,slot_3_occupied=true,slot_4_occupied=false,slot_5_occupied=false": { "model": "minecraft:block/bookshelf/chiseled/slot_0_occupied", "y": 90},
		"facing=east,slot_0_occupied=false,slot_1_occupied=false,slot_2_occupied=false,slot_3_occupied=true,slot_4_occupied=false,slot_5_occupied=true": { "model": "minecraft:block/bookshelf/chiseled/slot_1_occupied", "y": 90},
		"facing=east,slot_0_occupied=false,slot_1_occupied=false,slot_2_occupied=false,slot_3_occupied=true,slot_4_occupied=true,slot_5_occupied=false": { "model": "minecraft:block/bookshelf/chiseled/slot_1_occupied", "y": 90},
		"facing=east,slot_0_occupied=false,slot_1_occupied=false,slot_2_occupied=false,slot_3_occupied=true,slot_4_occupied=true,slot_5_occupied=true": { "model": "minecraft:block/bookshelf/chiseled/slot_2_occupied", "y": 90},
		"facing=east,slot_0_occupied=false,slot_1_occupied=false,slot_2_occupied=true,slot_3_occupied=false,slot_4_occupied=false,slot_5_occupied=false": { "model": "minecraft:block/bookshelf/chiseled/slot_0_occupied", "y": 90},
		"facing=east,slot_0_occupied=false,slot_1_occupied=false,slot_2_occupied=true,slot_3_occupied=false,slot_4_occupied=false,slot_5_occupied=true": { "model": "minecraft:block/bookshelf/chiseled/slot_1_occupied", "y": 90},
		"facing=east,slot_0_occupied=false,slot_1_occupied=false,slot_2_occupied=true,slot_3_occupied=false,slot_4_occupied=true,slot_5_occupied=false": { "model": "minecraft:block/bookshelf/chiseled/slot_1_occupied", "y": 90},
		"facing=east,slot_0_occupied=false,slot_1_occupied=false,slot_2_occupied=true,slot_3_occupied=false,slot_4_occupied=true,slot_5_occupied=true": { "model": "minecraft:block/bookshelf/chiseled/slot_2_occupied", "y": 90},
		"facing=east,slot_0_occupied=false,slot_1_occupied=false,slot_2_occupied=true,slot_3_occupied=true,slot_4_occupied=false,slot_5_occupied=false": { "model": "minecraft:block/bookshelf/chiseled/slot_1_occupied", "y": 90},
		"facing=east,slot_0_occupied=false,slot_1_occupied=false,slot_2_occupied=true,slot_3_occupied=true,slot_4_occupied=false,slot_5_occupied=true": { "model": "minecraft:block/bookshelf/chiseled/slot_2_occupied", "y": 90},
		"facing=east,slot_0_occupied=false,slot_1_occupied=false,slot_2_occupied=true,slot_3_occupied=true,slot_4_occupied=true,slot_5_occupied=false": { "model": "minecraft:block/bookshelf/chiseled/slot_2_occupied", "y": 90},
		"facing=east,slot_0_occupied=false,slot_1_occupied=false,slot_2_occupied=true,slot_3_occupied=true,slot_4_occupied=true,slot_5_occupied=true": { "model": "minecraft:block/bookshelf/chiseled/slot_3_occupied", "y": 90},
		"facing=east,slot_0_occupied=false,slot_1_occupied=true,slot_2_occupied=false,slot_3_occupied=false,slot_4_occupied=false,slot_5_occupied=false": { "model": "minecraft:block/bookshelf/chiseled/slot_0_occupied", "y": 90},
		"facing=east,slot_0_occupied=false,slot_1_occupied=true,slot_2_occupied=false,slot_3_occupied=false,slot_4_occupied=false,slot_5_occupied=true": { "model": "minecraft:block/bookshelf/chiseled/slot_1_occupied", "y": 90},
		"facing=east,slot_0_occupied=false,slot_1_occupied=true,slot_2_occupied=false,slot_3_occupied=false,slot_4_occupied=true,slot_5_occupied=false": { "model": "minecraft:block/bookshelf/chiseled/slot_1_occupied", "y": 90},
		"facing=east,slot_0_occupied=false,slot_1_occupied=true,slot_2_occupied=false,slot_3_occupied=false,slot_4_occupied=true,slot_5_occupied=true": { "model": "minecraft:block/bookshelf/chiseled/slot_2_occupied", "y": 90},
		"facing=east,slot_0_occupied=false,slot_1_occupied=true,slot_2_occupied=false,slot_3_occupied=true,slot_4_occupied=false,slot_5_occupied=false": { "model": "minecraft:block/bookshelf/chiseled/slot_1_occupied", "y": 90},
		"facing=east,slot_0_occupied=false,slot_1_occupied=true,slot_2_occupied=false,slot_3_occupied=true,slot_4_occupied=false,slot_5_occupied=true": { "model": "minecraft:block/bookshelf/chiseled/slot_2_occupied", "y": 90},
		"facing=east,slot_0_occupied=false,slot_1_occupied=true,slot_2_occupied=false,slot_3_occupied=true,slot_4_occupied=true,slot_5_occupied=false": { "model": "minecraft:block/bookshelf/chiseled/slot_2_occupied", "y": 90},
		"facing=east,slot_0_occupied=false,slot_1_occupied=true,slot_2_occupied=false,slot_3_occupied=true,slot_4_occupied=true,slot_5_occupied=true": { "model": "minecraft:block/bookshelf/chiseled/slot_3_occupied", "y": 90},
		"facing=east,slot_0_occupied=false,slot_1_occupied=true,slot_2_occupied=true,slot_3_occupied=false,slot_4_occupied=false,slot_5_occupied=false": { "model": "minecraft:block/bookshelf/chiseled/slot_1_occupied", "y": 90},
		"facing=east,slot_0_occupied=false,slot_1_occupied=true,slot_2_occupied=true,slot_3_occupied=false,slot_4_occupied=false,slot_5_occupied=true": { "model": "minecraft:block/bookshelf/chiseled/slot_2_occupied", "y": 90},
		"facing=east,slot_0_occupied=false,slot_1_occupied=true,slot_2_occupied=true,slot_3_occupied=false,slot_4_occupied=true,slot_5_occupied=false": { "model": "minecraft:block/bookshelf/chiseled/slot_2_occupied", "y": 90},
		"facing=east,slot_0_occupied=false,slot_1_occupied=true,slot_2_occupied=true,slot_3_occupied=false,slot_4_occupied=true,slot_5_occupied=true": { "model": "minecraft:block/bookshelf/chiseled/slot_3_occupied", "y": 90},
		"facing=east,slot_0_occupied=false,slot_1_occupied=true,slot_2_occupied=true,slot_3_occupied=true,slot_4_occupied=false,slot_5_occupied=false": { "model": "minecraft:block/bookshelf/chiseled/slot_2_occupied", "y": 90},
		"facing=east,slot_0_occupied=false,slot_1_occupied=true,slot_2_occupied=true,slot_3_occupied=true,slot_4_occupied=false,slot_5_occupied=true": { "model": "minecraft:block/bookshelf/chiseled/slot_3_occupied", "y": 90},
		"facing=east,slot_0_occupied=false,slot_1_occupied=true,slot_2_occupied=true,slot_3_occupied=true,slot_4_occupied=true,slot_5_occupied=false": { "model": "minecraft:block/bookshelf/chiseled/slot_3_occupied", "y": 90},
		"facing=east,slot_0_occupied=false,slot_1_occupied=true,slot_2_occupied=true,slot_3_occupied=true,slot_4_occupied=true,slot_5_occupied=true": { "model": "minecraft:block/bookshelf/chiseled/slot_4_occupied", "y": 90},
		"facing=east,slot_0_occupied=true,slot_1_occupied=false,slot_2_occupied=false,slot_3_occupied=false,slot_4_occupied=false,slot_5_occupied=false": { "model": "minecraft:block/bookshelf/chiseled/slot_0_occupied", "y": 90},
		"facing=east,slot_0_occupied=true,slot_1_occupied=false,slot_2_occupied=false,slot_3_occupied=false,slot_4_occupied=false,slot_5_occupied=true": { "model": "minecraft:block/bookshelf/chiseled/slot_1_occupied", "y": 90},
		"facing=east,slot_0_occupied=true,slot_1_occupied=false,slot_2_occupied=false,slot_3_occupied=false,slot_4_occupied=true,slot_5_occupied=false": { "model": "minecraft:block/bookshelf/chiseled/slot_1_occupied", "y": 90},
		"facing=east,slot_0_occupied=true,slot_1_occupied=false,slot_2_occupied=false,slot_3_occupied=false,slot_4_occupied=true,slot_5_occupied=true": { "model": "minecraft:block/bookshelf/chiseled/slot_2_occupied", "y": 90},
		"facing=east,slot_0_occupied=true,slot_1_occupied=false,slot_2_occupied=false,slot_3_occupied=true,slot_4_occupied=false,slot_5_occupied=false": { "model": "minecraft:block/bookshelf/chiseled/slot_1_occupied", "y": 90},
		"facing=east,slot_0_occupied=true,slot_1_occupied=false,slot_2_occupied=false,slot_3_occupied=true,slot_4_occupied=false,slot_5_occupied=true": { "model": "minecraft:block/bookshelf/chiseled/slot_2_occupied", "y": 90},
		"facing=east,slot_0_occupied=true,slot_1_occupied=false,slot_2_occupied=false,slot_3_occupied=true,slot_4_occupied=true,slot_5_occupied=false": { "model": "minecraft:block/bookshelf/chiseled/slot_2_occupied", "y": 90},
		"facing=east,slot_0_occupied=true,slot_1_occupied=false,slot_2_occupied=false,slot_3_occupied=true,slot_4_occupied=true,slot_5_occupied=true": { "model": "minecraft:block/bookshelf/chiseled/slot_3_occupied", "y": 90},
		"facing=east,slot_0_occupied=true,slot_1_occupied=false,slot_2_occupied=true,slot_3_occupied=false,slot_4_occupied=false,slot_5_occupied=false": { "model": "minecraft:block/bookshelf/chiseled/slot_1_occupied", "y": 90},
		"facing=east,slot_0_occupied=true,slot_1_occupied=false,slot_2_occupied=true,slot_3_occupied=false,slot_4_occupied=false,slot_5_occupied=true": { "model": "minecraft:block/bookshelf/chiseled/slot_2_occupied", "y": 90},
		"facing=east,slot_0_occupied=true,slot_1_occupied=false,slot_2_occupied=true,slot_3_occupied=false,slot_4_occupied=true,slot_5_occupied=false": { "model": "minecraft:block/bookshelf/chiseled/slot_2_occupied", "y": 90},
		"facing=east,slot_0_occupied=true,slot_1_occupied=false,slot_2_occupied=true,slot_3_occupied=false,slot_4_occupied=true,slot_5_occupied=true": { "model": "minecraft:block/bookshelf/chiseled/slot_3_occupied", "y": 90},
		"facing=east,slot_0_occupied=true,slot_1_occupied=false,slot_2_occupied=true,slot_3_occupied=true,slot_4_occupied=false,slot_5_occupied=false": { "model": "minecraft:block/bookshelf/chiseled/slot_2_occupied", "y": 90},
		"facing=east,slot_0_occupied=true,slot_1_occupied=false,slot_2_occupied=true,slot_3_occupied=true,slot_4_occupied=false,slot_5_occupied=true": { "model": "minecraft:block/bookshelf/chiseled/slot_3_occupied", "y": 90},
		"facing=east,slot_0_occupied=true,slot_1_occupied=false,slot_2_occupied=true,slot_3_occupied=true,slot_4_occupied=true,slot_5_occupied=false": { "model": "minecraft:block/bookshelf/chiseled/slot_3_occupied", "y": 90},
		"facing=east,slot_0_occupied=true,slot_1_occupied=false,slot_2_occupied=true,slot_3_occupied=true,slot_4_occupied=true,slot_5_occupied=true": { "model": "minecraft:block/bookshelf/chiseled/slot_4_occupied", "y": 90},
		"facing=east,slot_0_occupied=true,slot_1_occupied=true,slot_2_occupied=false,slot_3_occupied=false,slot_4_occupied=false,slot_5_occupied=false": { "model": "minecraft:block/bookshelf/chiseled/slot_1_occupied", "y": 90},
		"facing=east,slot_0_occupied=true,slot_1_occupied=true,slot_2_occupied=false,slot_3_occupied=false,slot_4_occupied=false,slot_5_occupied=true": { "model": "minecraft:block/bookshelf/chiseled/slot_2_occupied", "y": 90},
		"facing=east,slot_0_occupied=true,slot_1_occupied=true,slot_2_occupied=false,slot_3_occupied=false,slot_4_occupied=true,slot_5_occupied=false": { "model": "minecraft:block/bookshelf/chiseled/slot_2_occupied", "y": 90},
		"facing=east,slot_0_occupied=true,slot_1_occupied=true,slot_2_occupied=false,slot_3_occupied=false,slot_4_occupied=true,slot_5_occupied=true": { "model": "minecraft:block/bookshelf/chiseled/slot_3_occupied", "y": 90},
		"facing=east,slot_0_occupied=true,slot_1_occupied=true,slot_2_occupied=false,slot_3_occupied=true,slot_4_occupied=false,slot_5_occupied=false": { "model": "minecraft:block/bookshelf/chiseled/slot_2_occupied", "y": 90},
		"facing=east,slot_0_occupied=true,slot_1_occupied=true,slot_2_occupied=false,slot_3_occupied=true,slot_4_occupied=false,slot_5_occupied=true": { "model": "minecraft:block/bookshelf/chiseled/slot_3_occupied", "y": 90},
		"facing=east,slot_0_occupied=true,slot_1_occupied=true,slot_2_occupied=false,slot_3_occupied=true,slot_4_occupied=true,slot_5_occupied=false": { "model": "minecraft:block/bookshelf/chiseled/slot_3_occupied", "y": 90},
		"facing=east,slot_0_occupied=true,slot_1_occupied=true,slot_2_occupied=false,slot_3_occupied=true,slot_4_occupied=true,slot_5_occupied=true": { "model": "minecraft:block/bookshelf/chiseled/slot_4_occupied", "y": 90},
		"facing=east,slot_0_occupied=true,slot_1_occupied=true,slot_2_occupied=true,slot_3_occupied=false,slot_4_occupied=false,slot_5_occupied=false": { "model": "minecraft:block/bookshelf/chiseled/slot_2_occupied", "y": 90},
		"facing=east,slot_0_occupied=true,slot_1_occupied=true,slot_2_occupied=true,slot_3_occupied=false,slot_4_occupied=false,slot_5_occupied=true": { "model": "minecraft:block/bookshelf/chiseled/slot_3_occupied", "y": 90},
		"facing=east,slot_0_occupied=true,slot_1_occupied=true,slot_2_occupied=true,slot_3_occupied=false,slot_4_occupied=true,slot_5_occupied=false": { "model": "minecraft:block/bookshelf/chiseled/slot_3_occupied", "y": 90},
		"facing=east,slot_0_occupied=true,slot_1_occupied=true,slot_2_occupied=true,slot_3_occupied=false,slot_4_occupied=true,slot_5_occupied=true": { "model": "minecraft:block/bookshelf/chiseled/slot_4_occupied", "y": 90},
		"facing=east,slot_0_occupied=true,slot_1_occupied=true,slot_2_occupied=true,slot_3_occupied=true,slot_4_occupied=false,slot_5_occupied=false": { "model": "minecraft:block/bookshelf/chiseled/slot_3_occupied", "y": 90},
		"facing=east,slot_0_occupied=true,slot_1_occupied=true,slot_2_occupied=true,slot_3_occupied=true,slot_4_occupied=false,slot_5_occupied=true": { "model": "minecraft:block/bookshelf/chiseled/slot_4_occupied", "y": 90},
		"facing=east,slot_0_occupied=true,slot_1_occupied=true,slot_2_occupied=true,slot_3_occupied=true,slot_4_occupied=true,slot_5_occupied=false": { "model": "minecraft:block/bookshelf/chiseled/slot_4_occupied", "y": 90},
		"facing=east,slot_0_occupied=true,slot_1_occupied=true,slot_2_occupied=true,slot_3_occupied=true,slot_4_occupied=true,slot_5_occupied=true": { "model": "minecraft:block/bookshelf/chiseled/slot_5_occupied", "y": 90},
		"facing=north,slot_0_occupied=false,slot_1_occupied=false,slot_2_occupied=false,slot_3_occupied=false,slot_4_occupied=false,slot_5_occupied=false": { "model": "minecraft:block/bookshelf/chiseled/default"},
		"facing=north,slot_0_occupied=false,slot_1_occupied=false,slot_2_occupied=false,slot_3_occupied=false,slot_4_occupied=false,slot_5_occupied=true": { "model": "minecraft:block/bookshelf/chiseled/slot_0_occupied"},
		"facing=north,slot_0_occupied=false,slot_1_occupied=false,slot_2_occupied=false,slot_3_occupied=false,slot_4_occupied=true,slot_5_occupied=false": { "model": "minecraft:block/bookshelf/chiseled/slot_0_occupied"},
		"facing=north,slot_0_occupied=false,slot_1_occupied=false,slot_2_occupied=false,slot_3_occupied=false,slot_4_occupied=true,slot_5_occupied=true": { "model": "minecraft:block/bookshelf/chiseled/slot_1_occupied"},
		"facing=north,slot_0_occupied=false,slot_1_occupied=false,slot_2_occupied=false,slot_3_occupied=true,slot_4_occupied=false,slot_5_occupied=false": { "model": "minecraft:block/bookshelf/chiseled/slot_0_occupied"},
		"facing=north,slot_0_occupied=false,slot_1_occupied=false,slot_2_occupied=false,slot_3_occupied=true,slot_4_occupied=false,slot_5_occupied=true": { "model": "minecraft:block/bookshelf/chiseled/slot_1_occupied"},
		"facing=north,slot_0_occupied=false,slot_1_occupied=false,slot_2_occupied=false,slot_3_occupied=true,slot_4_occupied=true,slot_5_occupied=false": { "model": "minecraft:block/bookshelf/chiseled/slot_1_occupied"},
		"facing=north,slot_0_occupied=false,slot_1_occupied=false,slot_2_occupied=false,slot_3_occupied=true,slot_4_occupied=true,slot_5_occupied=true": { "model": "minecraft:block/bookshelf/chiseled/slot_2_occupied"},
		"facing=north,slot_0_occupied=false,slot_1_occupied=false,slot_2_occupied=true,slot_3_occupied=false,slot_4_occupied=false,slot_5_occupied=false": { "model": "minecraft:block/bookshelf/chiseled/slot_0_occupied"},
		"facing=north,slot_0_occupied=false,slot_1_occupied=false,slot_2_occupied=true,slot_3_occupied=false,slot_4_occupied=false,slot_5_occupied=true": { "model": "minecraft:block/bookshelf/chiseled/slot_1_occupied"},
		"facing=north,slot_0_occupied=false,slot_1_occupied=false,slot_2_occupied=true,slot_3_occupied=false,slot_4_occupied=true,slot_5_occupied=false": { "model": "minecraft:block/bookshelf/chiseled/slot_1_occupied"},
		"facing=north,slot_0_occupied=false,slot_1_occupied=false,slot_2_occupied=true,slot_3_occupied=false,slot_4_occupied=true,slot_5_occupied=true": { "model": "minecraft:block/bookshelf/chiseled/slot_2_occupied"},
		"facing=north,slot_0_occupied=false,slot_1_occupied=false,slot_2_occupied=true,slot_3_occupied=true,slot_4_occupied=false,slot_5_occupied=false": { "model": "minecraft:block/bookshelf/chiseled/slot_1_occupied"},
		"facing=north,slot_0_occupied=false,slot_1_occupied=false,slot_2_occupied=true,slot_3_occupied=true,slot_4_occupied=false,slot_5_occupied=true": { "model": "minecraft:block/bookshelf/chiseled/slot_2_occupied"},
		"facing=north,slot_0_occupied=false,slot_1_occupied=false,slot_2_occupied=true,slot_3_occupied=true,slot_4_occupied=true,slot_5_occupied=false": { "model": "minecraft:block/bookshelf/chiseled/slot_2_occupied"},
		"facing=north,slot_0_occupied=false,slot_1_occupied=false,slot_2_occupied=true,slot_3_occupied=true,slot_4_occupied=true,slot_5_occupied=true": { "model": "minecraft:block/bookshelf/chiseled/slot_3_occupied"},
		"facing=north,slot_0_occupied=false,slot_1_occupied=true,slot_2_occupied=false,slot_3_occupied=false,slot_4_occupied=false,slot_5_occupied=false": { "model": "minecraft:block/bookshelf/chiseled/slot_0_occupied"},
		"facing=north,slot_0_occupied=false,slot_1_occupied=true,slot_2_occupied=false,slot_3_occupied=false,slot_4_occupied=false,slot_5_occupied=true": { "model": "minecraft:block/bookshelf/chiseled/slot_1_occupied"},
		"facing=north,slot_0_occupied=false,slot_1_occupied=true,slot_2_occupied=false,slot_3_occupied=false,slot_4_occupied=true,slot_5_occupied=false": { "model": "minecraft:block/bookshelf/chiseled/slot_1_occupied"},
		"facing=north,slot_0_occupied=false,slot_1_occupied=true,slot_2_occupied=false,slot_3_occupied=false,slot_4_occupied=true,slot_5_occupied=true": { "model": "minecraft:block/bookshelf/chiseled/slot_2_occupied"},
		"facing=north,slot_0_occupied=false,slot_1_occupied=true,slot_2_occupied=false,slot_3_occupied=true,slot_4_occupied=false,slot_5_occupied=false": { "model": "minecraft:block/bookshelf/chiseled/slot_1_occupied"},
		"facing=north,slot_0_occupied=false,slot_1_occupied=true,slot_2_occupied=false,slot_3_occupied=true,slot_4_occupied=false,slot_5_occupied=true": { "model": "minecraft:block/bookshelf/chiseled/slot_2_occupied"},
		"facing=north,slot_0_occupied=false,slot_1_occupied=true,slot_2_occupied=false,slot_3_occupied=true,slot_4_occupied=true,slot_5_occupied=false": { "model": "minecraft:block/bookshelf/chiseled/slot_2_occupied"},
		"facing=north,slot_0_occupied=false,slot_1_occupied=true,slot_2_occupied=false,slot_3_occupied=true,slot_4_occupied=true,slot_5_occupied=true": { "model": "minecraft:block/bookshelf/chiseled/slot_3_occupied"},
		"facing=north,slot_0_occupied=false,slot_1_occupied=true,slot_2_occupied=true,slot_3_occupied=false,slot_4_occupied=false,slot_5_occupied=false": { "model": "minecraft:block/bookshelf/chiseled/slot_1_occupied"},
		"facing=north,slot_0_occupied=false,slot_1_occupied=true,slot_2_occupied=true,slot_3_occupied=false,slot_4_occupied=false,slot_5_occupied=true": { "model": "minecraft:block/bookshelf/chiseled/slot_2_occupied"},
		"facing=north,slot_0_occupied=false,slot_1_occupied=true,slot_2_occupied=true,slot_3_occupied=false,slot_4_occupied=true,slot_5_occupied=false": { "model": "minecraft:block/bookshelf/chiseled/slot_2_occupied"},
		"facing=north,slot_0_occupied=false,slot_1_occupied=true,slot_2_occupied=true,slot_3_occupied=false,slot_4_occupied=true,slot_5_occupied=true": { "model": "minecraft:block/bookshelf/chiseled/slot_3_occupied"},
		"facing=north,slot_0_occupied=false,slot_1_occupied=true,slot_2_occupied=true,slot_3_occupied=true,slot_4_occupied=false,slot_5_occupied=false": { "model": "minecraft:block/bookshelf/chiseled/slot_2_occupied"},
		"facing=north,slot_0_occupied=false,slot_1_occupied=true,slot_2_occupied=true,slot_3_occupied=true,slot_4_occupied=false,slot_5_occupied=true": { "model": "minecraft:block/bookshelf/chiseled/slot_3_occupied"},
		"facing=north,slot_0_occupied=false,slot_1_occupied=true,slot_2_occupied=true,slot_3_occupied=true,slot_4_occupied=true,slot_5_occupied=false": { "model": "minecraft:block/bookshelf/chiseled/slot_3_occupied"},
		"facing=north,slot_0_occupied=false,slot_1_occupied=true,slot_2_occupied=true,slot_3_occupied=true,slot_4_occupied=true,slot_5_occupied=true": { "model": "minecraft:block/bookshelf/chiseled/slot_4_occupied"},
		"facing=north,slot_0_occupied=true,slot_1_occupied=false,slot_2_occupied=false,slot_3_occupied=false,slot_4_occupied=false,slot_5_occupied=false": { "model": "minecraft:block/bookshelf/chiseled/slot_0_occupied"},
		"facing=north,slot_0_occupied=true,slot_1_occupied=false,slot_2_occupied=false,slot_3_occupied=false,slot_4_occupied=false,slot_5_occupied=true": { "model": "minecraft:block/bookshelf/chiseled/slot_1_occupied"},
		"facing=north,slot_0_occupied=true,slot_1_occupied=false,slot_2_occupied=false,slot_3_occupied=false,slot_4_occupied=true,slot_5_occupied=false": { "model": "minecraft:block/bookshelf/chiseled/slot_1_occupied"},
		"facing=north,slot_0_occupied=true,slot_1_occupied=false,slot_2_occupied=false,slot_3_occupied=false,slot_4_occupied=true,slot_5_occupied=true": { "model": "minecraft:block/bookshelf/chiseled/slot_2_occupied"},
		"facing=north,slot_0_occupied=true,slot_1_occupied=false,slot_2_occupied=false,slot_3_occupied=true,slot_4_occupied=false,slot_5_occupied=false": { "model": "minecraft:block/bookshelf/chiseled/slot_1_occupied"},
		"facing=north,slot_0_occupied=true,slot_1_occupied=false,slot_2_occupied=false,slot_3_occupied=true,slot_4_occupied=false,slot_5_occupied=true": { "model": "minecraft:block/bookshelf/chiseled/slot_2_occupied"},
		"facing=north,slot_0_occupied=true,slot_1_occupied=false,slot_2_occupied=false,slot_3_occupied=true,slot_4_occupied=true,slot_5_occupied=false": { "model": "minecraft:block/bookshelf/chiseled/slot_2_occupied"},
		"facing=north,slot_0_occupied=true,slot_1_occupied=false,slot_2_occupied=false,slot_3_occupied=true,slot_4_occupied=true,slot_5_occupied=true": { "model": "minecraft:block/bookshelf/chiseled/slot_3_occupied"},
		"facing=north,slot_0_occupied=true,slot_1_occupied=false,slot_2_occupied=true,slot_3_occupied=false,slot_4_occupied=false,slot_5_occupied=false": { "model": "minecraft:block/bookshelf/chiseled/slot_1_occupied"},
		"facing=north,slot_0_occupied=true,slot_1_occupied=false,slot_2_occupied=true,slot_3_occupied=false,slot_4_occupied=false,slot_5_occupied=true": { "model": "minecraft:block/bookshelf/chiseled/slot_2_occupied"},
		"facing=north,slot_0_occupied=true,slot_1_occupied=false,slot_2_occupied=true,slot_3_occupied=false,slot_4_occupied=true,slot_5_occupied=false": { "model": "minecraft:block/bookshelf/chiseled/slot_2_occupied"},
		"facing=north,slot_0_occupied=true,slot_1_occupied=false,slot_2_occupied=true,slot_3_occupied=false,slot_4_occupied=true,slot_5_occupied=true": { "model": "minecraft:block/bookshelf/chiseled/slot_3_occupied"},
		"facing=north,slot_0_occupied=true,slot_1_occupied=false,slot_2_occupied=true,slot_3_occupied=true,slot_4_occupied=false,slot_5_occupied=false": { "model": "minecraft:block/bookshelf/chiseled/slot_2_occupied"},
		"facing=north,slot_0_occupied=true,slot_1_occupied=false,slot_2_occupied=true,slot_3_occupied=true,slot_4_occupied=false,slot_5_occupied=true": { "model": "minecraft:block/bookshelf/chiseled/slot_3_occupied"},
		"facing=north,slot_0_occupied=true,slot_1_occupied=false,slot_2_occupied=true,slot_3_occupied=true,slot_4_occupied=true,slot_5_occupied=false": { "model": "minecraft:block/bookshelf/chiseled/slot_3_occupied"},
		"facing=north,slot_0_occupied=true,slot_1_occupied=false,slot_2_occupied=true,slot_3_occupied=true,slot_4_occupied=true,slot_5_occupied=true": { "model": "minecraft:block/bookshelf/chiseled/slot_4_occupied"},
		"facing=north,slot_0_occupied=true,slot_1_occupied=true,slot_2_occupied=false,slot_3_occupied=false,slot_4_occupied=false,slot_5_occupied=false": { "model": "minecraft:block/bookshelf/chiseled/slot_1_occupied"},
		"facing=north,slot_0_occupied=true,slot_1_occupied=true,slot_2_occupied=false,slot_3_occupied=false,slot_4_occupied=false,slot_5_occupied=true": { "model": "minecraft:block/bookshelf/chiseled/slot_2_occupied"},
		"facing=north,slot_0_occupied=true,slot_1_occupied=true,slot_2_occupied=false,slot_3_occupied=false,slot_4_occupied=true,slot_5_occupied=false": { "model": "minecraft:block/bookshelf/chiseled/slot_2_occupied"},
		"facing=north,slot_0_occupied=true,slot_1_occupied=true,slot_2_occupied=false,slot_3_occupied=false,slot_4_occupied=true,slot_5_occupied=true": { "model": "minecraft:block/bookshelf/chiseled/slot_3_occupied"},
		"facing=north,slot_0_occupied=true,slot_1_occupied=true,slot_2_occupied=false,slot_3_occupied=true,slot_4_occupied=false,slot_5_occupied=false": { "model": "minecraft:block/bookshelf/chiseled/slot_2_occupied"},
		"facing=north,slot_0_occupied=true,slot_1_occupied=true,slot_2_occupied=false,slot_3_occupied=true,slot_4_occupied=false,slot_5_occupied=true": { "model": "minecraft:block/bookshelf/chiseled/slot_3_occupied"},
		"facing=north,slot_0_occupied=true,slot_1_occupied=true,slot_2_occupied=false,slot_3_occupied=true,slot_4_occupied=true,slot_5_occupied=false": { "model": "minecraft:block/bookshelf/chiseled/slot_3_occupied"},
		"facing=north,slot_0_occupied=true,slot_1_occupied=true,slot_2_occupied=false,slot_3_occupied=true,slot_4_occupied=true,slot_5_occupied=true": { "model": "minecraft:block/bookshelf/chiseled/slot_4_occupied"},
		"facing=north,slot_0_occupied=true,slot_1_occupied=true,slot_2_occupied=true,slot_3_occupied=false,slot_4_occupied=false,slot_5_occupied=false": { "model": "minecraft:block/bookshelf/chiseled/slot_2_occupied"},
		"facing=north,slot_0_occupied=true,slot_1_occupied=true,slot_2_occupied=true,slot_3_occupied=false,slot_4_occupied=false,slot_5_occupied=true": { "model": "minecraft:block/bookshelf/chiseled/slot_3_occupied"},
		"facing=north,slot_0_occupied=true,slot_1_occupied=true,slot_2_occupied=true,slot_3_occupied=false,slot_4_occupied=true,slot_5_occupied=false": { "model": "minecraft:block/bookshelf/chiseled/slot_3_occupied"},
		"facing=north,slot_0_occupied=true,slot_1_occupied=true,slot_2_occupied=true,slot_3_occupied=false,slot_4_occupied=true,slot_5_occupied=true": { "model": "minecraft:block/bookshelf/chiseled/slot_4_occupied"},
		"facing=north,slot_0_occupied=true,slot_1_occupied=true,slot_2_occupied=true,slot_3_occupied=true,slot_4_occupied=false,slot_5_occupied=false": { "model": "minecraft:block/bookshelf/chiseled/slot_3_occupied"},
		"facing=north,slot_0_occupied=true,slot_1_occupied=true,slot_2_occupied=true,slot_3_occupied=true,slot_4_occupied=false,slot_5_occupied=true": { "model": "minecraft:block/bookshelf/chiseled/slot_4_occupied"},
		"facing=north,slot_0_occupied=true,slot_1_occupied=true,slot_2_occupied=true,slot_3_occupied=true,slot_4_occupied=true,slot_5_occupied=false": { "model": "minecraft:block/bookshelf/chiseled/slot_4_occupied"},
		"facing=north,slot_0_occupied=true,slot_1_occupied=true,slot_2_occupied=true,slot_3_occupied=true,slot_4_occupied=true,slot_5_occupied=true": { "model": "minecraft:block/bookshelf/chiseled/slot_5_occupied"},
		"facing=south,slot_0_occupied=false,slot_1_occupied=false,slot_2_occupied=false,slot_3_occupied=false,slot_4_occupied=false,slot_5_occupied=false": { "model": "minecraft:block/bookshelf/chiseled/default", "y": 180},
		"facing=south,slot_0_occupied=false,slot_1_occupied=false,slot_2_occupied=false,slot_3_occupied=false,slot_4_occupied=false,slot_5_occupied=true": { "model": "minecraft:block/bookshelf/chiseled/slot_0_occupied", "y": 180},
		"facing=south,slot_0_occupied=false,slot_1_occupied=false,slot_2_occupied=false,slot_3_occupied=false,slot_4_occupied=true,slot_5_occupied=false": { "model": "minecraft:block/bookshelf/chiseled/slot_0_occupied", "y": 180},
		"facing=south,slot_0_occupied=false,slot_1_occupied=false,slot_2_occupied=false,slot_3_occupied=false,slot_4_occupied=true,slot_5_occupied=true": { "model": "minecraft:block/bookshelf/chiseled/slot_1_occupied", "y": 180},
		"facing=south,slot_0_occupied=false,slot_1_occupied=false,slot_2_occupied=false,slot_3_occupied=true,slot_4_occupied=false,slot_5_occupied=false": { "model": "minecraft:block/bookshelf/chiseled/slot_0_occupied", "y": 180},
		"facing=south,slot_0_occupied=false,slot_1_occupied=false,slot_2_occupied=false,slot_3_occupied=true,slot_4_occupied=false,slot_5_occupied=true": { "model": "minecraft:block/bookshelf/chiseled/slot_1_occupied", "y": 180},
		"facing=south,slot_0_occupied=false,slot_1_occupied=false,slot_2_occupied=false,slot_3_occupied=true,slot_4_occupied=true,slot_5_occupied=false": { "model": "minecraft:block/bookshelf/chiseled/slot_1_occupied", "y": 180},
		"facing=south,slot_0_occupied=false,slot_1_occupied=false,slot_2_occupied=false,slot_3_occupied=true,slot_4_occupied=true,slot_5_occupied=true": { "model": "minecraft:block/bookshelf/chiseled/slot_2_occupied", "y": 180},
		"facing=south,slot_0_occupied=false,slot_1_occupied=false,slot_2_occupied=true,slot_3_occupied=false,slot_4_occupied=false,slot_5_occupied=false": { "model": "minecraft:block/bookshelf/chiseled/slot_0_occupied", "y": 180},
		"facing=south,slot_0_occupied=false,slot_1_occupied=false,slot_2_occupied=true,slot_3_occupied=false,slot_4_occupied=false,slot_5_occupied=true": { "model": "minecraft:block/bookshelf/chiseled/slot_1_occupied", "y": 180},
		"facing=south,slot_0_occupied=false,slot_1_occupied=false,slot_2_occupied=true,slot_3_occupied=false,slot_4_occupied=true,slot_5_occupied=false": { "model": "minecraft:block/bookshelf/chiseled/slot_1_occupied", "y": 180},
		"facing=south,slot_0_occupied=false,slot_1_occupied=false,slot_2_occupied=true,slot_3_occupied=false,slot_4_occupied=true,slot_5_occupied=true": { "model": "minecraft:block/bookshelf/chiseled/slot_2_occupied", "y": 180},
		"facing=south,slot_0_occupied=false,slot_1_occupied=false,slot_2_occupied=true,slot_3_occupied=true,slot_4_occupied=false,slot_5_occupied=false": { "model": "minecraft:block/bookshelf/chiseled/slot_1_occupied", "y": 180},
		"facing=south,slot_0_occupied=false,slot_1_occupied=false,slot_2_occupied=true,slot_3_occupied=true,slot_4_occupied=false,slot_5_occupied=true": { "model": "minecraft:block/bookshelf/chiseled/slot_2_occupied", "y": 180},
		"facing=south,slot_0_occupied=false,slot_1_occupied=false,slot_2_occupied=true,slot_3_occupied=true,slot_4_occupied=true,slot_5_occupied=false": { "model": "minecraft:block/bookshelf/chiseled/slot_2_occupied", "y": 180},
		"facing=south,slot_0_occupied=false,slot_1_occupied=false,slot_2_occupied=true,slot_3_occupied=true,slot_4_occupied=true,slot_5_occupied=true": { "model": "minecraft:block/bookshelf/chiseled/slot_3_occupied", "y": 180},
		"facing=south,slot_0_occupied=false,slot_1_occupied=true,slot_2_occupied=false,slot_3_occupied=false,slot_4_occupied=false,slot_5_occupied=false": { "model": "minecraft:block/bookshelf/chiseled/slot_0_occupied", "y": 180},
		"facing=south,slot_0_occupied=false,slot_1_occupied=true,slot_2_occupied=false,slot_3_occupied=false,slot_4_occupied=false,slot_5_occupied=true": { "model": "minecraft:block/bookshelf/chiseled/slot_1_occupied", "y": 180},
		"facing=south,slot_0_occupied=false,slot_1_occupied=true,slot_2_occupied=false,slot_3_occupied=false,slot_4_occupied=true,slot_5_occupied=false": { "model": "minecraft:block/bookshelf/chiseled/slot_1_occupied", "y": 180},
		"facing=south,slot_0_occupied=false,slot_1_occupied=true,slot_2_occupied=false,slot_3_occupied=false,slot_4_occupied=true,slot_5_occupied=true": { "model": "minecraft:block/bookshelf/chiseled/slot_2_occupied", "y": 180},
		"facing=south,slot_0_occupied=false,slot_1_occupied=true,slot_2_occupied=false,slot_3_occupied=true,slot_4_occupied=false,slot_5_occupied=false": { "model": "minecraft:block/bookshelf/chiseled/slot_1_occupied", "y": 180},
		"facing=south,slot_0_occupied=false,slot_1_occupied=true,slot_2_occupied=false,slot_3_occupied=true,slot_4_occupied=false,slot_5_occupied=true": { "model": "minecraft:block/bookshelf/chiseled/slot_2_occupied", "y": 180},
		"facing=south,slot_0_occupied=false,slot_1_occupied=true,slot_2_occupied=false,slot_3_occupied=true,slot_4_occupied=true,slot_5_occupied=false": { "model": "minecraft:block/bookshelf/chiseled/slot_2_occupied", "y": 180},
		"facing=south,slot_0_occupied=false,slot_1_occupied=true,slot_2_occupied=false,slot_3_occupied=true,slot_4_occupied=true,slot_5_occupied=true": { "model": "minecraft:block/bookshelf/chiseled/slot_3_occupied", "y": 180},
		"facing=south,slot_0_occupied=false,slot_1_occupied=true,slot_2_occupied=true,slot_3_occupied=false,slot_4_occupied=false,slot_5_occupied=false": { "model": "minecraft:block/bookshelf/chiseled/slot_1_occupied", "y": 180},
		"facing=south,slot_0_occupied=false,slot_1_occupied=true,slot_2_occupied=true,slot_3_occupied=false,slot_4_occupied=false,slot_5_occupied=true": { "model": "minecraft:block/bookshelf/chiseled/slot_2_occupied", "y": 180},
		"facing=south,slot_0_occupied=false,slot_1_occupied=true,slot_2_occupied=true,slot_3_occupied=false,slot_4_occupied=true,slot_5_occupied=false": { "model": "minecraft:block/bookshelf/chiseled/slot_2_occupied", "y": 180},
		"facing=south,slot_0_occupied=false,slot_1_occupied=true,slot_2_occupied=true,slot_3_occupied=false,slot_4_occupied=true,slot_5_occupied=true": { "model": "minecraft:block/bookshelf/chiseled/slot_3_occupied", "y": 180},
		"facing=south,slot_0_occupied=false,slot_1_occupied=true,slot_2_occupied=true,slot_3_occupied=true,slot_4_occupied=false,slot_5_occupied=false": { "model": "minecraft:block/bookshelf/chiseled/slot_2_occupied", "y": 180},
		"facing=south,slot_0_occupied=false,slot_1_occupied=true,slot_2_occupied=true,slot_3_occupied=true,slot_4_occupied=false,slot_5_occupied=true": { "model": "minecraft:block/bookshelf/chiseled/slot_3_occupied", "y": 180},
		"facing=south,slot_0_occupied=false,slot_1_occupied=true,slot_2_occupied=true,slot_3_occupied=true,slot_4_occupied=true,slot_5_occupied=false": { "model": "minecraft:block/bookshelf/chiseled/slot_3_occupied", "y": 180},
		"facing=south,slot_0_occupied=false,slot_1_occupied=true,slot_2_occupied=true,slot_3_occupied=true,slot_4_occupied=true,slot_5_occupied=true": { "model": "minecraft:block/bookshelf/chiseled/slot_4_occupied", "y": 180},
		"facing=south,slot_0_occupied=true,slot_1_occupied=false,slot_2_occupied=false,slot_3_occupied=false,slot_4_occupied=false,slot_5_occupied=false": { "model": "minecraft:block/bookshelf/chiseled/slot_0_occupied", "y": 180},
		"facing=south,slot_0_occupied=true,slot_1_occupied=false,slot_2_occupied=false,slot_3_occupied=false,slot_4_occupied=false,slot_5_occupied=true": { "model": "minecraft:block/bookshelf/chiseled/slot_1_occupied", "y": 180},
		"facing=south,slot_0_occupied=true,slot_1_occupied=false,slot_2_occupied=false,slot_3_occupied=false,slot_4_occupied=true,slot_5_occupied=false": { "model": "minecraft:block/bookshelf/chiseled/slot_1_occupied", "y": 180},
		"facing=south,slot_0_occupied=true,slot_1_occupied=false,slot_2_occupied=false,slot_3_occupied=false,slot_4_occupied=true,slot_5_occupied=true": { "model": "minecraft:block/bookshelf/chiseled/slot_2_occupied", "y": 180},
		"facing=south,slot_0_occupied=true,slot_1_occupied=false,slot_2_occupied=false,slot_3_occupied=true,slot_4_occupied=false,slot_5_occupied=false": { "model": "minecraft:block/bookshelf/chiseled/slot_1_occupied", "y": 180},
		"facing=south,slot_0_occupied=true,slot_1_occupied=false,slot_2_occupied=false,slot_3_occupied=true,slot_4_occupied=false,slot_5_occupied=true": { "model": "minecraft:block/bookshelf/chiseled/slot_2_occupied", "y": 180},
		"facing=south,slot_0_occupied=true,slot_1_occupied=false,slot_2_occupied=false,slot_3_occupied=true,slot_4_occupied=true,slot_5_occupied=false": { "model": "minecraft:block/bookshelf/chiseled/slot_2_occupied", "y": 180},
		"facing=south,slot_0_occupied=true,slot_1_occupied=false,slot_2_occupied=false,slot_3_occupied=true,slot_4_occupied=true,slot_5_occupied=true": { "model": "minecraft:block/bookshelf/chiseled/slot_3_occupied", "y": 180},
		"facing=south,slot_0_occupied=true,slot_1_occupied=false,slot_2_occupied=true,slot_3_occupied=false,slot_4_occupied=false,slot_5_occupied=false": { "model": "minecraft:block/bookshelf/chiseled/slot_1_occupied", "y": 180},
		"facing=south,slot_0_occupied=true,slot_1_occupied=false,slot_2_occupied=true,slot_3_occupied=false,slot_4_occupied=false,slot_5_occupied=true": { "model": "minecraft:block/bookshelf/chiseled/slot_2_occupied", "y": 180},
		"facing=south,slot_0_occupied=true,slot_1_occupied=false,slot_2_occupied=true,slot_3_occupied=false,slot_4_occupied=true,slot_5_occupied=false": { "model": "minecraft:block/bookshelf/chiseled/slot_2_occupied", "y": 180},
		"facing=south,slot_0_occupied=true,slot_1_occupied=false,slot_2_occupied=true,slot_3_occupied=false,slot_4_occupied=true,slot_5_occupied=true": { "model": "minecraft:block/bookshelf/chiseled/slot_3_occupied", "y": 180},
		"facing=south,slot_0_occupied=true,slot_1_occupied=false,slot_2_occupied=true,slot_3_occupied=true,slot_4_occupied=false,slot_5_occupied=false": { "model": "minecraft:block/bookshelf/chiseled/slot_2_occupied", "y": 180},
		"facing=south,slot_0_occupied=true,slot_1_occupied=false,slot_2_occupied=true,slot_3_occupied=true,slot_4_occupied=false,slot_5_occupied=true": { "model": "minecraft:block/bookshelf/chiseled/slot_3_occupied", "y": 180},
		"facing=south,slot_0_occupied=true,slot_1_occupied=false,slot_2_occupied=true,slot_3_occupied=true,slot_4_occupied=true,slot_5_occupied=false": { "model": "minecraft:block/bookshelf/chiseled/slot_3_occupied", "y": 180},
		"facing=south,slot_0_occupied=true,slot_1_occupied=false,slot_2_occupied=true,slot_3_occupied=true,slot_4_occupied=true,slot_5_occupied=true": { "model": "minecraft:block/bookshelf/chiseled/slot_4_occupied", "y": 180},
		"facing=south,slot_0_occupied=true,slot_1_occupied=true,slot_2_occupied=false,slot_3_occupied=false,slot_4_occupied=false,slot_5_occupied=false": { "model": "minecraft:block/bookshelf/chiseled/slot_1_occupied", "y": 180},
		"facing=south,slot_0_occupied=true,slot_1_occupied=true,slot_2_occupied=false,slot_3_occupied=false,slot_4_occupied=false,slot_5_occupied=true": { "model": "minecraft:block/bookshelf/chiseled/slot_2_occupied", "y": 180},
		"facing=south,slot_0_occupied=true,slot_1_occupied=true,slot_2_occupied=false,slot_3_occupied=false,slot_4_occupied=true,slot_5_occupied=false": { "model": "minecraft:block/bookshelf/chiseled/slot_2_occupied", "y": 180},
		"facing=south,slot_0_occupied=true,slot_1_occupied=true,slot_2_occupied=false,slot_3_occupied=false,slot_4_occupied=true,slot_5_occupied=true": { "model": "minecraft:block/bookshelf/chiseled/slot_3_occupied", "y": 180},
		"facing=south,slot_0_occupied=true,slot_1_occupied=true,slot_2_occupied=false,slot_3_occupied=true,slot_4_occupied=false,slot_5_occupied=false": { "model": "minecraft:block/bookshelf/chiseled/slot_2_occupied", "y": 180},
		"facing=south,slot_0_occupied=true,slot_1_occupied=true,slot_2_occupied=false,slot_3_occupied=true,slot_4_occupied=false,slot_5_occupied=true": { "model": "minecraft:block/bookshelf/chiseled/slot_3_occupied", "y": 180},
		"facing=south,slot_0_occupied=true,slot_1_occupied=true,slot_2_occupied=false,slot_3_occupied=true,slot_4_occupied=true,slot_5_occupied=false": { "model": "minecraft:block/bookshelf/chiseled/slot_3_occupied", "y": 180},
		"facing=south,slot_0_occupied=true,slot_1_occupied=true,slot_2_occupied=false,slot_3_occupied=true,slot_4_occupied=true,slot_5_occupied=true": { "model": "minecraft:block/bookshelf/chiseled/slot_4_occupied", "y": 180},
		"facing=south,slot_0_occupied=true,slot_1_occupied=true,slot_2_occupied=true,slot_3_occupied=false,slot_4_occupied=false,slot_5_occupied=false": { "model": "minecraft:block/bookshelf/chiseled/slot_2_occupied", "y": 180},
		"facing=south,slot_0_occupied=true,slot_1_occupied=true,slot_2_occupied=true,slot_3_occupied=false,slot_4_occupied=false,slot_5_occupied=true": { "model": "minecraft:block/bookshelf/chiseled/slot_3_occupied", "y": 180},
		"facing=south,slot_0_occupied=true,slot_1_occupied=true,slot_2_occupied=true,slot_3_occupied=false,slot_4_occupied=true,slot_5_occupied=false": { "model": "minecraft:block/bookshelf/chiseled/slot_3_occupied", "y": 180},
		"facing=south,slot_0_occupied=true,slot_1_occupied=true,slot_2_occupied=true,slot_3_occupied=false,slot_4_occupied=true,slot_5_occupied=true": { "model": "minecraft:block/bookshelf/chiseled/slot_4_occupied", "y": 180},
		"facing=south,slot_0_occupied=true,slot_1_occupied=true,slot_2_occupied=true,slot_3_occupied=true,slot_4_occupied=false,slot_5_occupied=false": { "model": "minecraft:block/bookshelf/chiseled/slot_3_occupied", "y": 180},
		"facing=south,slot_0_occupied=true,slot_1_occupied=true,slot_2_occupied=true,slot_3_occupied=true,slot_4_occupied=false,slot_5_occupied=true": { "model": "minecraft:block/bookshelf/chiseled/slot_4_occupied", "y": 180},
		"facing=south,slot_0_occupied=true,slot_1_occupied=true,slot_2_occupied=true,slot_3_occupied=true,slot_4_occupied=true,slot_5_occupied=false": { "model": "minecraft:block/bookshelf/chiseled/slot_4_occupied", "y": 180},
		"facing=south,slot_0_occupied=true,slot_1_occupied=true,slot_2_occupied=true,slot_3_occupied=true,slot_4_occupied=true,slot_5_occupied=true": { "model": "minecraft:block/bookshelf/chiseled/slot_5_occupied", "y": 180},
		"facing=west,slot_0_occupied=false,slot_1_occupied=false,slot_2_occupied=false,slot_3_occupied=false,slot_4_occupied=false,slot_5_occupied=false": { "model": "minecraft:block/bookshelf/chiseled/default", "y": 270},
		"facing=west,slot_0_occupied=false,slot_1_occupied=false,slot_2_occupied=false,slot_3_occupied=false,slot_4_occupied=false,slot_5_occupied=true": { "model": "minecraft:block/bookshelf/chiseled/slot_0_occupied", "y": 270},
		"facing=west,slot_0_occupied=false,slot_1_occupied=false,slot_2_occupied=false,slot_3_occupied=false,slot_4_occupied=true,slot_5_occupied=false": { "model": "minecraft:block/bookshelf/chiseled/slot_0_occupied", "y": 270},
		"facing=west,slot_0_occupied=false,slot_1_occupied=false,slot_2_occupied=false,slot_3_occupied=false,slot_4_occupied=true,slot_5_occupied=true": { "model": "minecraft:block/bookshelf/chiseled/slot_1_occupied", "y": 270},
		"facing=west,slot_0_occupied=false,slot_1_occupied=false,slot_2_occupied=false,slot_3_occupied=true,slot_4_occupied=false,slot_5_occupied=false": { "model": "minecraft:block/bookshelf/chiseled/slot_0_occupied", "y": 270},
		"facing=west,slot_0_occupied=false,slot_1_occupied=false,slot_2_occupied=false,slot_3_occupied=true,slot_4_occupied=false,slot_5_occupied=true": { "model": "minecraft:block/bookshelf/chiseled/slot_1_occupied", "y": 270},
		"facing=west,slot_0_occupied=false,slot_1_occupied=false,slot_2_occupied=false,slot_3_occupied=true,slot_4_occupied=true,slot_5_occupied=false": { "model": "minecraft:block/bookshelf/chiseled/slot_1_occupied", "y": 270},
		"facing=west,slot_0_occupied=false,slot_1_occupied=false,slot_2_occupied=false,slot_3_occupied=true,slot_4_occupied=true,slot_5_occupied=true": { "model": "minecraft:block/bookshelf/chiseled/slot_2_occupied", "y": 270},
		"facing=west,slot_0_occupied=false,slot_1_occupied=false,slot_2_occupied=true,slot_3_occupied=false,slot_4_occupied=false,slot_5_occupied=false": { "model": "minecraft:block/bookshelf/chiseled/slot_0_occupied", "y": 270},
		"facing=west,slot_0_occupied=false,slot_1_occupied=false,slot_2_occupied=true,slot_3_occupied=false,slot_4_occupied=false,slot_5_occupied=true": { "model": "minecraft:block/bookshelf/chiseled/slot_1_occupied", "y": 270},
		"facing=west,slot_0_occupied=false,slot_1_occupied=false,slot_2_occupied=true,slot_3_occupied=false,slot_4_occupied=true,slot_5_occupied=false": { "model": "minecraft:block/bookshelf/chiseled/slot_1_occupied", "y": 270},
		"facing=west,slot_0_occupied=false,slot_1_occupied=false,slot_2_occupied=true,slot_3_occupied=false,slot_4_occupied=true,slot_5_occupied=true": { "model": "minecraft:block/bookshelf/chiseled/slot_2_occupied", "y": 270},
		"facing=west,slot_0_occupied=false,slot_1_occupied=false,slot_2_occupied=true,slot_3_occupied=true,slot_4_occupied=false,slot_5_occupied=false": { "model": "minecraft:block/bookshelf/chiseled/slot_1_occupied", "y": 270},
		"facing=west,slot_0_occupied=false,slot_1_occupied=false,slot_2_occupied=true,slot_3_occupied=true,slot_4_occupied=false,slot_5_occupied=true": { "model": "minecraft:block/bookshelf/chiseled/slot_2_occupied", "y": 270},
		"facing=west,slot_0_occupied=false,slot_1_occupied=false,slot_2_occupied=true,slot_3_occupied=true,slot_4_occupied=true,slot_5_occupied=false": { "model": "minecraft:block/bookshelf/chiseled/slot_2_occupied", "y": 270},
		"facing=west,slot_0_occupied=false,slot_1_occupied=false,slot_2_occupied=true,slot_3_occupied=true,slot_4_occupied=true,slot_5_occupied=true": { "model": "minecraft:block/bookshelf/chiseled/slot_3_occupied", "y": 270},
		"facing=west,slot_0_occupied=false,slot_1_occupied=true,slot_2_occupied=false,slot_3_occupied=false,slot_4_occupied=false,slot_5_occupied=false": { "model": "minecraft:block/bookshelf/chiseled/slot_0_occupied", "y": 270},
		"facing=west,slot_0_occupied=false,slot_1_occupied=true,slot_2_occupied=false,slot_3_occupied=false,slot_4_occupied=false,slot_5_occupied=true": { "model": "minecraft:block/bookshelf/chiseled/slot_1_occupied", "y": 270},
		"facing=west,slot_0_occupied=false,slot_1_occupied=true,slot_2_occupied=false,slot_3_occupied=false,slot_4_occupied=true,slot_5_occupied=false": { "model": "minecraft:block/bookshelf/chiseled/slot_1_occupied", "y": 270},
		"facing=west,slot_0_occupied=false,slot_1_occupied=true,slot_2_occupied=false,slot_3_occupied=false,slot_4_occupied=true,slot_5_occupied=true": { "model": "minecraft:block/bookshelf/chiseled/slot_2_occupied", "y": 270},
		"facing=west,slot_0_occupied=false,slot_1_occupied=true,slot_2_occupied=false,slot_3_occupied=true,slot_4_occupied=false,slot_5_occupied=false": { "model": "minecraft:block/bookshelf/chiseled/slot_1_occupied", "y": 270},
		"facing=west,slot_0_occupied=false,slot_1_occupied=true,slot_2_occupied=false,slot_3_occupied=true,slot_4_occupied=false,slot_5_occupied=true": { "model": "minecraft:block/bookshelf/chiseled/slot_2_occupied", "y": 270},
		"facing=west,slot_0_occupied=false,slot_1_occupied=true,slot_2_occupied=false,slot_3_occupied=true,slot_4_occupied=true,slot_5_occupied=false": { "model": "minecraft:block/bookshelf/chiseled/slot_2_occupied", "y": 270},
		"facing=west,slot_0_occupied=false,slot_1_occupied=true,slot_2_occupied=false,slot_3_occupied=true,slot_4_occupied=true,slot_5_occupied=true": { "model": "minecraft:block/bookshelf/chiseled/slot_3_occupied", "y": 270},
		"facing=west,slot_0_occupied=false,slot_1_occupied=true,slot_2_occupied=true,slot_3_occupied=false,slot_4_occupied=false,slot_5_occupied=false": { "model": "minecraft:block/bookshelf/chiseled/slot_1_occupied", "y": 270},
		"facing=west,slot_0_occupied=false,slot_1_occupied=true,slot_2_occupied=true,slot_3_occupied=false,slot_4_occupied=false,slot_5_occupied=true": { "model": "minecraft:block/bookshelf/chiseled/slot_2_occupied", "y": 270},
		"facing=west,slot_0_occupied=false,slot_1_occupied=true,slot_2_occupied=true,slot_3_occupied=false,slot_4_occupied=true,slot_5_occupied=false": { "model": "minecraft:block/bookshelf/chiseled/slot_2_occupied", "y": 270},
		"facing=west,slot_0_occupied=false,slot_1_occupied=true,slot_2_occupied=true,slot_3_occupied=false,slot_4_occupied=true,slot_5_occupied=true": { "model": "minecraft:block/bookshelf/chiseled/slot_3_occupied", "y": 270},
		"facing=west,slot_0_occupied=false,slot_1_occupied=true,slot_2_occupied=true,slot_3_occupied=true,slot_4_occupied=false,slot_5_occupied=false": { "model": "minecraft:block/bookshelf/chiseled/slot_2_occupied", "y": 270},
		"facing=west,slot_0_occupied=false,slot_1_occupied=true,slot_2_occupied=true,slot_3_occupied=true,slot_4_occupied=false,slot_5_occupied=true": { "model": "minecraft:block/bookshelf/chiseled/slot_3_occupied", "y": 270},
		"facing=west,slot_0_occupied=false,slot_1_occupied=true,slot_2_occupied=true,slot_3_occupied=true,slot_4_occupied=true,slot_5_occupied=false": { "model": "minecraft:block/bookshelf/chiseled/slot_3_occupied", "y": 270},
		"facing=west,slot_0_occupied=false,slot_1_occupied=true,slot_2_occupied=true,slot_3_occupied=true,slot_4_occupied=true,slot_5_occupied=true": { "model": "minecraft:block/bookshelf/chiseled/slot_4_occupied", "y": 270},
		"facing=west,slot_0_occupied=true,slot_1_occupied=false,slot_2_occupied=false,slot_3_occupied=false,slot_4_occupied=false,slot_5_occupied=false": { "model": "minecraft:block/bookshelf/chiseled/slot_0_occupied", "y": 270},
		"facing=west,slot_0_occupied=true,slot_1_occupied=false,slot_2_occupied=false,slot_3_occupied=false,slot_4_occupied=false,slot_5_occupied=true": { "model": "minecraft:block/bookshelf/chiseled/slot_1_occupied", "y": 270},
		"facing=west,slot_0_occupied=true,slot_1_occupied=false,slot_2_occupied=false,slot_3_occupied=false,slot_4_occupied=true,slot_5_occupied=false": { "model": "minecraft:block/bookshelf/chiseled/slot_1_occupied", "y": 270},
		"facing=west,slot_0_occupied=true,slot_1_occupied=false,slot_2_occupied=false,slot_3_occupied=false,slot_4_occupied=true,slot_5_occupied=true": { "model": "minecraft:block/bookshelf/chiseled/slot_2_occupied", "y": 270},
		"facing=west,slot_0_occupied=true,slot_1_occupied=false,slot_2_occupied=false,slot_3_occupied=true,slot_4_occupied=false,slot_5_occupied=false": { "model": "minecraft:block/bookshelf/chiseled/slot_1_occupied", "y": 270},
		"facing=west,slot_0_occupied=true,slot_1_occupied=false,slot_2_occupied=false,slot_3_occupied=true,slot_4_occupied=false,slot_5_occupied=true": { "model": "minecraft:block/bookshelf/chiseled/slot_2_occupied", "y": 270},
		"facing=west,slot_0_occupied=true,slot_1_occupied=false,slot_2_occupied=false,slot_3_occupied=true,slot_4_occupied=true,slot_5_occupied=false": { "model": "minecraft:block/bookshelf/chiseled/slot_2_occupied", "y": 270},
		"facing=west,slot_0_occupied=true,slot_1_occupied=false,slot_2_occupied=false,slot_3_occupied=true,slot_4_occupied=true,slot_5_occupied=true": { "model": "minecraft:block/bookshelf/chiseled/slot_3_occupied", "y": 270},
		"facing=west,slot_0_occupied=true,slot_1_occupied=false,slot_2_occupied=true,slot_3_occupied=false,slot_4_occupied=false,slot_5_occupied=false": { "model": "minecraft:block/bookshelf/chiseled/slot_1_occupied", "y": 270},
		"facing=west,slot_0_occupied=true,slot_1_occupied=false,slot_2_occupied=true,slot_3_occupied=false,slot_4_occupied=false,slot_5_occupied=true": { "model": "minecraft:block/bookshelf/chiseled/slot_2_occupied", "y": 270},
		"facing=west,slot_0_occupied=true,slot_1_occupied=false,slot_2_occupied=true,slot_3_occupied=false,slot_4_occupied=true,slot_5_occupied=false": { "model": "minecraft:block/bookshelf/chiseled/slot_2_occupied", "y": 270},
		"facing=west,slot_0_occupied=true,slot_1_occupied=false,slot_2_occupied=true,slot_3_occupied=false,slot_4_occupied=true,slot_5_occupied=true": { "model": "minecraft:block/bookshelf/chiseled/slot_3_occupied", "y": 270},
		"facing=west,slot_0_occupied=true,slot_1_occupied=false,slot_2_occupied=true,slot_3_occupied=true,slot_4_occupied=false,slot_5_occupied=false": { "model": "minecraft:block/bookshelf/chiseled/slot_2_occupied", "y": 270},
		"facing=west,slot_0_occupied=true,slot_1_occupied=false,slot_2_occupied=true,slot_3_occupied=true,slot_4_occupied=false,slot_5_occupied=true": { "model": "minecraft:block/bookshelf/chiseled/slot_3_occupied", "y": 270},
		"facing=west,slot_0_occupied=true,slot_1_occupied=false,slot_2_occupied=true,slot_3_occupied=true,slot_4_occupied=true,slot_5_occupied=false": { "model": "minecraft:block/bookshelf/chiseled/slot_3_occupied", "y": 270},
		"facing=west,slot_0_occupied=true,slot_1_occupied=false,slot_2_occupied=true,slot_3_occupied=true,slot_4_occupied=true,slot_5_occupied=true": { "model": "minecraft:block/bookshelf/chiseled/slot_4_occupied", "y": 270},
		"facing=west,slot_0_occupied=true,slot_1_occupied=true,slot_2_occupied=false,slot_3_occupied=false,slot_4_occupied=false,slot_5_occupied=false": { "model": "minecraft:block/bookshelf/chiseled/slot_1_occupied", "y": 270},
		"facing=west,slot_0_occupied=true,slot_1_occupied=true,slot_2_occupied=false,slot_3_occupied=false,slot_4_occupied=false,slot_5_occupied=true": { "model": "minecraft:block/bookshelf/chiseled/slot_2_occupied", "y": 270},
		"facing=west,slot_0_occupied=true,slot_1_occupied=true,slot_2_occupied=false,slot_3_occupied=false,slot_4_occupied=true,slot_5_occupied=false": { "model": "minecraft:block/bookshelf/chiseled/slot_2_occupied", "y": 270},
		"facing=west,slot_0_occupied=true,slot_1_occupied=true,slot_2_occupied=false,slot_3_occupied=false,slot_4_occupied=true,slot_5_occupied=true": { "model": "minecraft:block/bookshelf/chiseled/slot_3_occupied", "y": 270},
		"facing=west,slot_0_occupied=true,slot_1_occupied=true,slot_2_occupied=false,slot_3_occupied=true,slot_4_occupied=false,slot_5_occupied=false": { "model": "minecraft:block/bookshelf/chiseled/slot_2_occupied", "y": 270},
		"facing=west,slot_0_occupied=true,slot_1_occupied=true,slot_2_occupied=false,slot_3_occupied=true,slot_4_occupied=false,slot_5_occupied=true": { "model": "minecraft:block/bookshelf/chiseled/slot_3_occupied", "y": 270},
		"facing=west,slot_0_occupied=true,slot_1_occupied=true,slot_2_occupied=false,slot_3_occupied=true,slot_4_occupied=true,slot_5_occupied=false": { "model": "minecraft:block/bookshelf/chiseled/slot_3_occupied", "y": 270},
		"facing=west,slot_0_occupied=true,slot_1_occupied=true,slot_2_occupied=false,slot_3_occupied=true,slot_4_occupied=true,slot_5_occupied=true": { "model": "minecraft:block/bookshelf/chiseled/slot_4_occupied", "y": 270},
		"facing=west,slot_0_occupied=true,slot_1_occupied=true,slot_2_occupied=true,slot_3_occupied=false,slot_4_occupied=false,slot_5_occupied=false": { "model": "minecraft:block/bookshelf/chiseled/slot_2_occupied", "y": 270},
		"facing=west,slot_0_occupied=true,slot_1_occupied=true,slot_2_occupied=true,slot_3_occupied=false,slot_4_occupied=false,slot_5_occupied=true": { "model": "minecraft:block/bookshelf/chiseled/slot_3_occupied", "y": 270},
		"facing=west,slot_0_occupied=true,slot_1_occupied=true,slot_2_occupied=true,slot_3_occupied=false,slot_4_occupied=true,slot_5_occupied=false": { "model": "minecraft:block/bookshelf/chiseled/slot_3_occupied", "y": 270},
		"facing=west,slot_0_occupied=true,slot_1_occupied=true,slot_2_occupied=true,slot_3_occupied=false,slot_4_occupied=true,slot_5_occupied=true": { "model": "minecraft:block/bookshelf/chiseled/slot_4_occupied", "y": 270},
		"facing=west,slot_0_occupied=true,slot_1_occupied=true,slot_2_occupied=true,slot_3_occupied=true,slot_4_occupied=false,slot_5_occupied=false": { "model": "minecraft:block/bookshelf/chiseled/slot_3_occupied", "y": 270},
		"facing=west,slot_0_occupied=true,slot_1_occupied=true,slot_2_occupied=true,slot_3_occupied=true,slot_4_occupied=false,slot_5_occupied=true": { "model": "minecraft:block/bookshelf/chiseled/slot_4_occupied", "y": 270},
		"facing=west,slot_0_occupied=true,slot_1_occupied=true,slot_2_occupied=true,slot_3_occupied=true,slot_4_occupied=true,slot_5_occupied=false": { "model": "minecraft:block/bookshelf/chiseled/slot_4_occupied", "y": 270},
		"facing=west,slot_0_occupied=true,slot_1_occupied=true,slot_2_occupied=true,slot_3_occupied=true,slot_4_occupied=true,slot_5_occupied=true": { "model": "minecraft:block/bookshelf/chiseled/slot_5_occupied", "y": 270}
	}
}
