{
	"variants": {
		"facing=east,lit=false": {
			"model": "minecraft:block/furnace/default",
			"y": 90
		},
		"facing=east,lit=true": {
			"model": "minecraft:block/furnace/lit",
			"y": 90
		},
		"facing=north,lit=false": {
			"model": "minecraft:block/furnace/default"
		},
		"facing=north,lit=true": {
			"model": "minecraft:block/furnace/lit"
		},
		"facing=south,lit=false": {
			"model": "minecraft:block/furnace/default",
			"y": 180
		},
		"facing=south,lit=true": {
			"model": "minecraft:block/furnace/lit",
			"y": 180
		},
		"facing=west,lit=false": {
			"model": "minecraft:block/furnace/default",
			"y": 270
		},
		"facing=west,lit=true": {
			"model": "minecraft:block/furnace/lit",
			"y": 270
		}
	}
}
