{
	"block.minecraft.cobbled_deepslate": "Gepflasterter Tiefenschiefer", 
	"block.minecraft.cobbled_deepslate_slab": "Gepflasterte Tiefenschieferstufe", 
	"block.minecraft.cobbled_deepslate_stairs": "Gepflasterte Tiefenschiefertreppe", 
	"block.minecraft.cobbled_deepslate_wall": "Gepflasterte Tiefenschiefermauer", 
	"block.minecraft.cobblestone": "Pflasterstein", 
	"block.minecraft.cobblestone_slab": "Pflastersteinstufe", 
	"block.minecraft.cobblestone_stairs": "Pflastersteintreppe", 
	"block.minecraft.cobblestone_wall": "Pflastersteinmauer", 
	"block.minecraft.crafting_table": "Werkbank", 
	"block.minecraft.deepslate_emerald_ore": "Tiefenschiefer-Rubinerz", 
	"block.minecraft.emerald_block": "Rubinblock", 
	"block.minecraft.emerald_ore": "Rubinerz", 
	"block.minecraft.infested_cobblestone": "Befallener Pflasterstein", 
	"block.minecraft.mossy_cobblestone": "Moosiger Pflasterstein", 
	"block.minecraft.mossy_cobblestone_slab": "Moosige Pflastersteinstufe", 
	"block.minecraft.mossy_cobblestone_stairs": "Moosige Pflastersteintreppe", 
	"block.minecraft.mossy_cobblestone_wall": "Moosige Pflastersteinwand", 
	"item.minecraft.emerald": "Rubin", 
	"trim_material.minecraft.emerald": "Rubinmaterial" 
}
