{
	"block.minecraft.cobbled_deepslate": "Cobbled Deepslate", 
	"block.minecraft.cobbled_deepslate_slab": "Cobbled Deepslate Slab", 
	"block.minecraft.cobbled_deepslate_stairs": "Cobbled Deepslate Stairs", 
	"block.minecraft.cobbled_deepslate_wall": "Cobbled Deepslate Wall", 
	"block.minecraft.cobblestone": "Cobblestone", 
	"block.minecraft.cobblestone_slab": "Cobblestone Slab", 
	"block.minecraft.cobblestone_stairs": "Cobblestone Stairs", 
	"block.minecraft.cobblestone_wall": "Cobblestone Wall", 
	"block.minecraft.crafting_table": "Workbench",  
	"block.minecraft.deepslate_emerald_ore": "Deepslate Ruby Ore", 
	"block.minecraft.emerald_block": "Block of Ruby", 
	"block.minecraft.emerald_ore": "Ruby Ore", 
	"block.minecraft.infested_cobblestone": "Infested Cobblestone", 
	"block.minecraft.mossy_cobblestone": "Mossy Cobblestone", 
	"block.minecraft.mossy_cobblestone_slab": "Mossy Cobblestone Slab", 
	"block.minecraft.mossy_cobblestone_stairs": "Mossy Cobblestone Stairs", 
	"block.minecraft.mossy_cobblestone_wall": "Mossy Cobblestone Wall", 
	"item.minecraft.emerald": "Ruby", 
	"trim_material.minecraft.emerald": "Ruby Material" 
}
